Conotoxin,Species,Cluster,PC1,PC2,Atom Count,Radius of Gyration,RMSD_to_1AKG,RMSD_to_1F3K,RMSD_to_1FU3,RMSD_to_1FYG,RMSD_to_1K64,RMSD_to_1MII,RMSD_to_1MTQ,RMSD_to_1P1P,RMSD_to_1QMW,RMSD_to_2H8S,RMSD_to_2JQC,RMSD_to_2YYF,RMSD_to_8K3M,RMSD_to_8K3N,RMSD_to_EVIA,RMSD_to_GI,RMSD_to_GIIIA,RMSD_to_ImI,RMSD_to_MVIIA,RMSD_to_PVIIA
1AKG,Conus magus,0,-1.8252049240973345,1.3080509566177938,134.0,6.586949825286865,0.0,9.802783012390137,9.748676300048828,10.027674674987793,9.487531661987305,10.616386413574219,12.503793716430664,12.407768249511719,10.92729377746582,11.146262168884277,14.680588722229004,12.20848274230957,9.485618591308594,9.509857177734375,12.212092399597168,18.967731475830078,11.420321464538574,9.486711502075195,10.27759838104248,11.86361026763916
1F3K,Conus geographus,3,0.3336627098957135,-0.7076576138610063,7320.0,7.124194145202637,9.802783012390137,0.0,11.108988761901855,11.039125442504883,10.174182891845703,9.769864082336426,11.057043075561523,11.36691665649414,9.665914535522461,9.932573318481445,14.007589340209961,11.264690399169922,10.500311851501465,10.615078926086426,11.657234191894531,33.1468620300293,12.906798362731934,9.597657203674316,10.352726936340332,10.993496894836426
1FU3,Conus textile,3,0.57411780444844,-0.804142986688418,7900.0,7.664480686187744,9.748676300048828,11.108988761901855,0.0,11.245100975036621,10.60183048248291,10.210159301757812,11.471283912658691,11.838980674743652,10.05089282989502,10.45673942565918,14.296744346618652,11.565099716186523,10.95403003692627,10.80517864227295,12.143893241882324,33.50309753417969,12.815799713134766,10.14627456665039,11.271004676818848,11.515291213989258
1FYG,Conus striatus,1,-0.6352299978201499,0.4031856667350169,3740.0,7.656903266906738,10.027674674987793,11.039125442504883,11.245100975036621,0.0,10.540352821350098,10.105594635009766,11.496228218078613,11.312686920166016,10.141373634338379,10.58829116821289,14.220855712890625,11.484411239624023,11.069822311401367,11.015544891357422,11.968099594116211,33.425086975097656,12.067731857299805,9.869668006896973,11.417393684387207,11.395320892333984
1K64,Conus catus,1,-0.3053256526478872,-0.21963820620207639,5380.0,6.55764102935791,9.487531661987305,10.174182891845703,10.60183048248291,10.540352821350098,0.0,9.2918119430542,11.048319816589355,11.179675102233887,9.088988304138184,9.506586074829102,13.569256782531738,10.46747875213623,10.201004028320312,10.452230453491211,11.309212684631348,33.39262771606445,9.805180549621582,9.187797546386719,10.447854995727539,10.712625503540039
1MII,Conus purpurascens,1,-0.6900990129506127,-0.02347972619421896,4380.0,5.84981107711792,10.616386413574219,9.769864082336426,10.210159301757812,10.105594635009766,9.2918119430542,0.0,10.067351341247559,10.695724487304688,8.616500854492188,9.473847389221191,13.345948219299316,10.45778751373291,9.520184516906738,9.787257194519043,11.654291152954102,32.77922058105469,9.973444938659668,8.678216934204102,9.836149215698242,8.446452140808105
1MTQ,Conus tulipa,1,-0.1303818548303927,-0.13764350283427504,5540.0,7.52187442779541,12.503793716430664,11.057043075561523,11.471283912658691,11.496228218078613,11.048319816589355,10.067351341247559,0.0,11.490450859069824,9.99936580657959,10.481016159057617,14.258756637573242,12.080497741699219,11.166068077087402,11.023338317871094,12.039271354675293,33.07201385498047,11.945982933044434,10.20792293548584,11.226029396057129,11.44710922241211
1P1P,Conus marmoreus,1,-0.5122024161461847,0.39143706145692697,3972.0,8.074508666992188,12.407768249511719,11.36691665649414,11.838980674743652,11.312686920166016,11.179675102233887,10.695724487304688,11.490450859069824,0.0,10.373658180236816,10.851624488830566,14.391334533691406,12.09213638305664,11.386855125427246,11.574957847595215,12.656129837036133,33.9404182434082,10.6661376953125,10.578417778015137,11.8560209274292,11.790216445922852
1QMW,Conus obscurus,1,-0.13166301143444611,-0.6222599505767336,6372.0,5.698408126831055,10.92729377746582,9.665914535522461,10.05089282989502,10.141373634338379,9.088988304138184,8.616500854492188,9.99936580657959,10.373658180236816,0.0,8.999427795410156,13.194681167602539,10.274670600891113,9.481805801391602,9.622495651245117,10.872303009033203,32.904598236083984,9.868257522583008,8.49146842956543,11.278404235839844,10.20803451538086
2H8S,Conus ventricosus,1,-0.5786444535339167,0.006644375578995433,4520.0,6.381124496459961,11.146262168884277,9.932573318481445,10.45673942565918,10.58829116821289,9.506586074829102,9.473847389221191,10.481016159057617,10.851624488830566,8.999427795410156,0.0,13.474708557128906,10.577231407165527,9.752732276916504,9.961755752563477,9.26932430267334,33.13898468017578,10.19626235961914,9.094070434570312,10.276531219482422,10.257967948913574
2JQC,Conus imperialis,1,0.1609011995007936,0.409249561233568,5100.0,10.667364120483398,14.680588722229004,14.007589340209961,14.296744346618652,14.220855712890625,13.569256782531738,13.345948219299316,14.258756637573242,14.391334533691406,13.194681167602539,13.474708557128906,0.0,13.349898338317871,13.568174362182617,14.524667739868164,14.687068939208984,35.0406608581543,15.943000793457031,13.098225593566895,14.050146102905273,14.397208213806152
2YYF,Conus victoriae,1,-0.22310211739745053,0.04848351794774693,5060.0,7.872409343719482,12.20848274230957,11.264690399169922,11.565099716186523,11.484411239624023,10.46747875213623,10.45778751373291,12.080497741699219,12.09213638305664,10.274670600891113,10.577231407165527,13.349898338317871,0.0,10.17369270324707,11.024994850158691,12.110573768615723,33.90153503417969,11.161335945129395,10.345370292663574,11.540583610534668,11.638447761535645
8K3M,Conus ermineus,1,-0.29945848960740795,-0.12082194871190384,5220.0,6.950494766235352,9.485618591308594,10.500311851501465,10.95403003692627,11.069822311401367,10.201004028320312,9.520184516906738,11.166068077087402,11.386855125427246,9.481805801391602,9.752732276916504,13.568174362182617,10.17369270324707,0.0,9.696769714355469,11.670482635498047,33.103363037109375,10.54659366607666,9.57552433013916,10.823739051818848,11.035651206970215
8K3N,Conus radiatus,1,-0.2760465407031028,-0.09740999980759867,5220.0,7.126214504241943,9.509857177734375,10.615078926086426,10.80517864227295,11.015544891357422,10.452230453491211,9.787257194519043,11.023338317871094,11.574957847595215,9.622495651245117,9.961755752563477,14.524667739868164,11.024994850158691,9.696769714355469,0.0,11.759431838989258,33.09968185424805,11.68950080871582,9.638782501220703,10.950839042663574,11.026762008666992
EVIA,Conus ermineus,3,0.7145632686314796,-0.7276000249395425,8010.0,8.478790283203125,12.212092399597168,11.657234191894531,12.143893241882324,11.968099594116211,11.309212684631348,11.654291152954102,12.039271354675293,12.656129837036133,10.872303009033203,9.26932430267334,14.687068939208984,12.110573768615723,11.670482635498047,11.759431838989258,0.0,33.60435485839844,13.438287734985352,10.835976600646973,12.071319580078125,12.368757247924805
GI,Conus geographus,2,4.193078756916275,1.8394334058979502,9579.0,31.166399002075195,18.967731475830078,33.1468620300293,33.50309753417969,33.425086975097656,33.39262771606445,32.77922058105469,33.07201385498047,33.9404182434082,32.904598236083984,33.13898468017578,35.0406608581543,33.90153503417969,33.103363037109375,33.09968185424805,33.60435485839844,0.0,26.24791145324707,33.27685546875,34.09521484375,34.22209548950195
GIIIA,Conus geographus,0,-1.5801514615933794,1.4345943236983905,338.0,7.981470584869385,11.420321464538574,12.906798362731934,12.815799713134766,12.067731857299805,9.805180549621582,9.973444938659668,11.945982933044434,10.6661376953125,9.868257522583008,10.19626235961914,15.943000793457031,11.161335945129395,10.54659366607666,11.68950080871582,13.438287734985352,26.24791145324707,0.0,10.31131362915039,13.06546401977539,12.804917335510254
ImI,Conus imperialis,1,-0.4815009237775243,-0.25058051725406777,5130.0,5.780374526977539,9.486711502075195,9.597657203674316,10.14627456665039,9.869668006896973,9.187797546386719,8.678216934204102,10.20792293548584,10.578417778015137,8.49146842956543,9.094070434570312,13.098225593566895,10.345370292663574,9.57552433013916,9.638782501220703,10.835976600646973,33.27685546875,10.31131362915039,0.0,9.996268272399902,10.289234161376953
MVIIA,Conus magus,3,0.842397452334355,-1.1022718831053213,8875.0,7.552463054656982,10.27759838104248,10.352726936340332,11.271004676818848,11.417393684387207,10.447854995727539,9.836149215698242,11.226029396057129,11.8560209274292,11.278404235839844,10.276531219482422,14.050146102905273,11.540583610534668,10.823739051818848,10.950839042663574,12.071319580078125,34.09521484375,13.06546401977539,9.996268272399902,0.0,11.329649925231934
PVIIA,Conus purpurascens,3,0.8502896648127334,-1.0275725089912258,8760.0,7.862411022186279,11.86361026763916,10.993496894836426,11.515291213989258,11.395320892333984,10.712625503540039,8.446452140808105,11.44710922241211,11.790216445922852,10.20803451538086,10.257967948913574,14.397208213806152,11.638447761535645,11.035651206970215,11.026762008666992,12.368757247924805,34.22209548950195,12.804917335510254,10.289234161376953,11.329649925231934,0.0
